<?xml version='1.0' encoding='utf-8'?>
<TextureAtlas imagePath="Hell.png"><SubTexture name="Hell spn0000" x="0" y="0" width="1604" height="904" frameX="0" frameY="0" frameWidth="1604" frameHeight="904" />
<SubTexture name="Hell-spn0001" x="1604" y="0" width="1604" height="904" frameX="0" frameY="0" frameWidth="1604" frameHeight="904" />
<SubTexture name="Hell-spn0002" x="3208" y="0" width="1604" height="904" frameX="0" frameY="0" frameWidth="1604" frameHeight="904" />
<SubTexture name="Hell-spn0003" x="0" y="904" width="1604" height="904" frameX="0" frameY="0" frameWidth="1604" frameHeight="904" />
<SubTexture name="Hell-spn0004" x="1604" y="904" width="1604" height="904" frameX="0" frameY="0" frameWidth="1604" frameHeight="904" />
<SubTexture name="Hell-spn0005" x="3208" y="904" width="1604" height="904" frameX="0" frameY="0" frameWidth="1604" frameHeight="904" />
<SubTexture name="Hell-spn0006" x="0" y="1808" width="1604" height="904" frameX="0" frameY="0" frameWidth="1604" frameHeight="904" />
<SubTexture name="Hell-spn0007" x="1604" y="1808" width="1604" height="904" frameX="0" frameY="0" frameWidth="1604" frameHeight="904" />
<SubTexture name="Hell-spn0008" x="3208" y="1808" width="1604" height="904" frameX="0" frameY="0" frameWidth="1604" frameHeight="904" />
<SubTexture name="Hell-spn0009" x="0" y="2712" width="1604" height="904" frameX="0" frameY="0" frameWidth="1604" frameHeight="904" />
</TextureAtlas>
